Caption,Food Types,Post
"So glad you enjoyed it, Christina!  Love hearing feedback from people! ğŸ™‚

Did you know we're on Google and Yelp?  We encourage your reviews!

9 wins in a row, our Knights are killing it!  Go Knights Go! â¤ğŸ’›ğŸ–¤

We prep, you grill!ğŸŒ¶ğŸ”ªğŸŒ®ğŸ¥‘",,https://www.instagram.com/p/COGP4wlMOol/
"Today's breakfast whoooo! I'm so ready to COOK baby!

unbroken.ego let's all transcend the ego. 
Thank you for all the support, much appreciated. It's only 
the start. We have to keep evolving, find a focus and aim for it. Unbroken Ego walking with a humbled 
Expression. Growth. Observation. Sending out much 
love, follow and share. We need big changes . 

..Love is all we need, we are born and begin our lifes with love. 
Learn to love yourself and you will become a beacon of love. 

#egointegration 
#egodeath #selfcare #unbrokenego #unbroken #Style 
#lnstaFashion #Vintage #FashionBlogger #Fashionista #StreetStyle #Stylish #MensFashion #instagood 
#instagram #selfawareness #selflove  #godsplan #summerlinlv #lasvegasfoodies #FITNESS #faithoverfear",,https://www.instagram.com/p/COGMbkGFGZM/
"unbroken.ego let's all transcend the ego. 
Thank you for all the support, much appreciated. It's only 
the start. We have to keep evolving, find a focus and aim for it. Unbroken Ego walking with a humbled 
Expression. Growth. Observation. Sending out much 
love, follow and share. We need big changes . 

..Love is all we need, we are born and begin our lifes with love. 
Learn to love yourself and you will become a beacon of love. 

#egointegration 
#egodeath #selfcare #unbrokenego #unbroken #Style 
#lnstaFashion #Vintage #FashionBlogger #Fashionista #StreetStyle #Stylish #MensFashion #instagood 
#instagram #selfawareness #selflove  #godsplan #summerlinlv #lasvegasfoodies #FITNESS #faithoverfear",,https://www.instagram.com/p/COGLzsAlVfM/
What diet?  Sunday morning blueberry cream cheese scones with a cup of coffee...totally worth jumping off the wagon! ğŸ˜‹,"cheese,dessert",https://www.instagram.com/p/COGLaETrrou/
"NOTHING THAT A BIRRIA TACO CANâ€™T FIX â˜ºï¸ğŸŒ® Cheese or Nah? 

â° 8am - 5pm
ğŸ“3700 E Charleston Blvd Suite 150, Las Vegas, NV 89104 

ğŸš¨ COMING SOON @birriaelcompalacruda 3111 S Valley View, Las Vegas 

.
#birriaelcompa #birriadechivo #huffposttaste #tastethis #devourpower #vegaslocal #lasvegasfoodies #foodlty #foodyeating goatbirria #tacosdebirria #beefbirria #complex #eatfamous #thrillist #foodlty #foodyfetish #foodyeating #foodbeast #tastemade #forkyeah #infatuation #birriaderes #birrieria",,https://www.instagram.com/p/COGJmWINrbH/
"SO MANY BENEDICTS FOR EATING AT GRIDDLECAKES!
.
.
ğŸ“¸: CRAB BENEDICTâ€¢
Homemade Crab cakesâ€¢ Home Friesâ€¢ Hollandaise Sauceâ€¢ Parsleyâ€¢ Poached Eggsâ€¢
ğŸ“¸:STRAWBERRY CHEESECAKE GRIDDLECAKES (Available only for the month of April)
ğŸ“¸: BIRTHDAY CAKE STYLE WAFFLESâ€¢
(Customized Waffle order)
.
.
Enjoy Breakfast/Lunch at one of our Three Locations/Hours:
ğŸ“Eastern: 7am-3pm
ğŸ“N. Decatur: 7am-3pm
ğŸ“Fort Apache: 7am-3pm
ğŸ“4010 S. Rainbow Blvd STE# B 
(Coming soon 2021)
.
Ordering curbside? Simply call in your order & we will bring it out to your car!
.
TAG YOUR HUNGRY SQUAD!ğŸ‘‡ğŸ¼.
.
#offthestrip #griddlecakes #bestoflasvegas #cheesecakelovers #lasvegasfood #dessertbae #onlyvegas #vegaseats #strawberrycheesecake #offthestrip #cheesecakepancakes #onlyinvegas  #lasvegaslocals #lasvegasfoodies #vegasfoodie #eatlikealocal","cheese,fruity,dessert",https://www.instagram.com/p/COGJSPPsTTE/
"SMOOTHIE SUNDAY has finally graced us! 

Yâ€™all know the deal. BOGO 50% OFF smoothies all day! 

We have something for everyone so it shouldnâ€™t be hard to find someone to take advantage of this offer with. You can also buy 2 for yourself and throw 1 in the freezer for tomorrow! 

Happy Sunday, family! ğŸ¤™ğŸ»",,https://www.instagram.com/p/COGGF26shpE/
"unbroken.ego let's all transcend the ego. 
Thank you for all the support, much appreciated. It's only 
the start. We have to keep evolving, find a focus and aim for it. Unbroken Ego walking with a humbled 
Expression. Growth. Observation. Sending out much 
love, follow and share. We need big changes . 

..Love is all we need, we are born and begin our lifes with love. 
Learn to love yourself and you will become a beacon of love. 

#egointegration 
#egodeath #selfcare #unbrokenego #unbroken #Style 
#lnstaFashion #Vintage #FashionBlogger #Fashionista #StreetStyle #Stylish #MensFashion #instagood 
#instagram #selfawareness #selflove  #godsplan #summerlinlv #lasvegasfoodies #FITNESS #faithoverfear",,https://www.instagram.com/p/COGDSrolHz8/
"unbroken.ego let's all transcend the ego. 
Thank you for all the support, much appreciated. It's only 
the start. We have to keep evolving, find a focus and aim for it. Unbroken Ego walking with a humbled 
Expression. Growth. Observation. Sending out much 
love, follow and share. We need big changes . 

..Love is all we need, we are born and begin our lifes with love. 
Learn to love yourself and you will become a beacon of love. 

#egointegration 
#egodeath #selfcare #unbrokenego #unbroken #Style 
#lnstaFashion #Vintage #FashionBlogger #Fashionista #StreetStyle #Stylish #MensFashion #instagood 
#instagram #selfawareness #selflove  #godsplan #summerlinlv #lasvegasfoodies #FITNESS #faithoverfearğŸ™",,https://www.instagram.com/p/COGC7fIFG4S/
"unbroken.ego let's all transcend the ego. 
Thank you for all the support, much appreciated. It's only 
the start. We have to keep evolving, find a focus and aim for it. Unbroken Ego walking with a humbled 
Expression. Growth. Observation. Sending out much 
love, follow and share. We need big changes . 

..Love is all we need, we are born and begin our lifes with love. 
Learn to love yourself and you will become a beacon of love. 

#egointegration 
#egodeath #selfcare #unbrokenego #unbroken #Style 
#lnstaFashion #Vintage #FashionBlogger #Fashionista #StreetStyle #Stylish #MensFashion #instagood 
#instagram #selfawareness #selflove  #godsplan #summerlinlv #lasvegasfoodies #FITNESS #faithoverfear",,https://www.instagram.com/p/COGCNYeFFC5/
"I have been following the @hookycookies IG account for a few weeks now drooling over all the posts talking about how amazing her cookies ğŸª are. Well, I finally got the chance to pre-order last week. Sure, I had to drive 30 minutes to go pick them up, but let me tell you...it was SO. WORTH. IT. ğŸ˜‹ She has so many awesome flavors. Pictured here are the ever so popular CrÃ¨me BrÃ»lÃ©e and UbeyBae Cheesecake along with the Churro Caramel and the new Cookie Butter n Cream. So, give her a follow, find an event she'll be at, or go to her website and put in an order. You will not be disappointed!
.
.
.
.
.
#foodie #foodies #foodaddict #foodblog #foodblogger #foodgram #instayum #igeats #yummy #yummie #instafood #cookies #ube #churro #cookiebutter #cremebrulee #lasvegas #lasvegasfoodies #lv #vegas",dessert,https://www.instagram.com/p/COF7rJOnMOO/
"Another order ğŸŒŠğŸâ¤ï¸

#lasvegasfoodies #cupcakesofinstagram  #moana #maui",dessert,https://www.instagram.com/p/COF6wy-HzQ2/
My vehicle to work today~ à¹€à¸”à¹‡à¸à¹à¸§à¹‰à¸™ ğŸ¤£#jetski#motorcycle#swimming#newyear2021#casino#vaccine#hot#bigbike#holiday#á´ á´€á´„á´„ÉªÉ´á´‡ssá´€á´ á´‡ÊŸÉªá´ á´‡s#boys#girls#local#street#camping#school#fashion#culture#asian#haircolor#arizona#lasvegasfoodiesticker #photography#lasvegasfoodiesticker #hiking#fashion#lasvegasfoodies,,https://www.instagram.com/p/COFAO1JgJ67/
"Small box, crackers on the side & upgrade to big bottle Stella Rosa ğŸ™ŒğŸğŸ’ğŸ· #charcuterielasvegas  #charcuteriewinebox  #lasvegasfoodies",,https://www.instagram.com/p/COE154vNpV8/
"Motherâ€™s Day is around the corner! 
Pre order this exact box now until 5/2 and receive $5 off your order ğŸ’•

#lasvegas #vegas #lasvegasfoods #lasvegasfood #lasvegasfoodies #lasvegassmallbusiness #lasvegaslocal #lasvegaslocals #lasvegaslocalbusiness #vegaslocal #vegaslocals #lasvegastreats #lasvegasmoms #vegasmom #vegasmoms #lasvegasmoms",,https://www.instagram.com/p/COEqQv-sfBU/
"Loved how this color combo came out ğŸ’› Rose & Rose Gold

Sometimes saying â€œHappy Birthdayâ€ is just as simple as these strawberries with a little bling âœ¨

Looking for something simple with a twist of bling to it? Have a favorite color combo? 

Let My Simple Sweet Treats help you out. PM or Email 
ğŸ“§mytreats20@gmail.com
*
*
*
*
*
#chocolatelifeğŸ« #strawberrylifeğŸ“ #chocolatecoveredstrawberries #whitechocolate #colorchocolate #rosechocolate #edibleglitter #rosegold #sparkle #occasion #birthday #dippingchocolate #lasvegassweets #lasvegasfoodies #desertsweetsğŸŒµ #lasvegas #lasvegassmallbusiness #sweetsbusiness #mysimplesweettreatsğŸ’•","fruity,dessert",https://www.instagram.com/p/COEiQCMAPgG/
"Salt and pepper fried chicken skins @mangfelixlv 

#mangfelix #filipinofood #friedchickenskins #friedfoods #chickenskin #lasvegasfoodie #lvfoodie #lasvegasfoodies #lvfoodies",,https://www.instagram.com/p/COEY1MNHNlm/
"I present to you: any and everything you need for a Saturday night snack ğŸ”¥

ğŸ“¸: Flaming Dog - bacon wrapped hot dog loaded with hot cheetos, grilled corn, chipotle lime Mayo, cilantro, habaÃ±ero sauce & bacon bits 
.

.
#dirtdog #lasvegas #localeats #gimmieabite #hotdog #vegaseats #foodie #instagood #globaleats #sunshinestatefoodies #getinmybelly #lasvegasfoodies #instayum",,https://www.instagram.com/p/COEJxJLFTGy/
"Take Mom to Brunch! âœ¨ From decadent pastries and breakfast favorites to elaborate specials, Motherâ€™s Day Brunch at Veranda returns Sunday, May 9th. Featuring a variety of chef-lead buffet stations such as a poached egg martini station, alongside omelet, grill, antipasto, taco truck, and childrenâ€™s buffet stations, Motherâ€™s Day Brunch at Four Seasons Hotel Las Vegas is sure to delight the entire family. Dial 702-632-5121 for reservations. 
ğŸ“· @traveltheworldfamily #fourseasons #lasvegas #lasvegasstrip #lasvegasfood #lasvegasfoodies #lasvegasfamily",drinks,https://www.instagram.com/p/COD7BkUAtFX/
"Making deliveries!ğŸš—
Get your carne asada kit for the game toKNIGHT, not too late to order!
Go Knights Go!

We prep, you grill!ğŸŒ®ğŸ”ªğŸŒ¶ğŸ¥‘",,https://www.instagram.com/p/COD0yZUMOdi/
"Good morning To all!
I am not a breakfast person, altough i love breakfast food later on during the day! 
Especially bacon! And poached Eggs! And sourdough toast! 
I sprinkled it with some truffle salt for extra magic, and my tastebuds were ğŸ¶ ğŸµ singing!!!
Have an amazing weekend Friends!â¤ï¸â˜•ï¸ğŸ³ğŸ¥“ğŸ¥‘
#lasvegasfoodphotographer #foodie #foodporn #breakfast #weekendvibes #foodphotography #foodstagram #lasvegasfoodies #egg #breakfast #coffee #feedfeed #homecooking #foodphoto #foodphotographer #instafood #avocadotoast #sourdough",,https://www.instagram.com/p/CODviAAlhAO/
"Mini Corn Dogs -> made from scratch, smell like heaven...taste even better. ğŸŒ­âœ¨ >>> Made with @originalnathans all-natural beef hot dogs, dipped in our housemade corn batter + fried to order, served with Liquid Blanket IPA mustard + ketchup on the side!",,https://www.instagram.com/p/CODnLmzhkxp/
"WEEKENDS ARE A GREAT TIME TO TRY OUR LIMITED TIME SPECIAL!
.
ğŸ“¸: STRAWBERRY CHEESECAKE GRIDDLECAKES!
(3)Strawberry GriddleCakesâ€¢ Graham Dustâ€¢ Whipped Creamâ€¢ Fresh Strawberriesâ€¢ Cream Cheese Glazeâ€¢
ğŸ“¸: BIRTHDAY PANCAKESâ€¢
Funfetti Griddlecakes, Strawberries, Sprinkles, Whipped Cream, Raspberry drizzleâ€¢
.
.
Stop by with the family and try our Limited time Special GriddleCakes.  Available only for the month of April:
.
Enjoy Breakfast/Lunch at one of our Three Locations/Hours:
ğŸ“Eastern: 7am-3pm
ğŸ“N. Decatur: 7am-3pm
ğŸ“Fort Apache: 7am-3pm
ğŸ“4010 S. Rainbow Blvd STE# B 
(Coming Spring March 2021)
.
Ordering curbside? Simply call in your order & we will bring it out to your car!
.
TAG A CHEESECAKE LOVER!ğŸ‘‡ğŸ¼.
.
#offthestrip #griddlecakes #bestoflasvegas #cheesecakelovers #lasvegasfood #dessertbae #onlyvegas #vegaseats #strawberrycheesecake #offthestrip #cheesecakepancakes #onlyinvegas  #lasvegaslocals #lasvegasfoodies #vegasfoodie #eatlikealocal","cheese,fruity,dessert",https://www.instagram.com/p/CODmDtxsygS/
Happy Saturday! Here's to a day filled with food and Netflix ğŸ¤£,,https://www.instagram.com/p/CODiX4DM7Z6/
"Break time, thank you god. 
.
.
.
#lasvegas #summerlinlv #lasvegasfoodies #selflove #egodeath #FITNESS",,https://www.instagram.com/p/COB2Y8JlGSo/
Cookies! #badgirlbakingco #lasvegasdesserts #lasvegasfoodie #lasvegasfood #lasvegaslocals #lasvegasfoodies #cookies,,https://www.instagram.com/p/COBwo82nOXL/
Cookies! #badgirlbakingco #lasvegasdesserts #lasvegasfoodie #lasvegasfood #lasvegaslocals #lasvegasfoodies #cookies,,https://www.instagram.com/p/COBwodlBVXZ/
Vanilla cupcakes with vanilla buttercream are my favorite! ğŸ˜ğŸ˜‹,dessert,https://www.instagram.com/p/COBrAnuL0uJ/
"I donâ€™t have a purple problem, I have a purple passion âœ¨ğŸ’œ",,https://www.instagram.com/p/COBnRffMTsO/
"It's #NationalPicnicDay, y'all! ğŸŒ Grab your basket + blanket, and we'll supply the snacks! ğŸ§º (Don't forget to pick up a 4-pk of house beer ğŸ» or cocktails to-go! ğŸ¹) // ğŸ“· @thelaventurers",,https://www.instagram.com/p/COBjAOeruLn/
"What a week!! Hopefully you guys ready for the weekend! Cause WE ARE!ğŸ¤
.
.
.
.
.
ğŸ“·@JoyfoodLV",,https://www.instagram.com/p/COBiywtMcTu/
"Who needs rose colored glasses when you've got rose colored cocktails? ğŸ˜
.
â° W-Th, 4pm-9pm / Fri-Sat, 10am-11pm / Sun, 10am-9pm
ğŸ¾ #brunch every Fri-Sun, 10am-3pm
ğŸ“² Reservations via OpenTable are encouraged
ğŸš™ Takeout options available through the Explore DTLV app",,https://www.instagram.com/p/COBdYO7AAmN/
"Taking it easy today. ğŸ–¤ğŸµğŸ¤
Instead of going home after my 2nd dental appointment this week - yes, it's only Wednesday, I decided to head out for some alone time. And I'm glad I did. Getting away recharges me. I find energy and joy in solitude. It makes me a better human. And I think it's good to know what makes you feel better and do better not just for yourself but for and towards others. 

.
.
.
#takeiteasy #coffeeshoplife #metimeğŸ˜Š #matchamilktea #matchatime #empanada #guyabano #empanaditas #lasvegascoffee #lasvegasfoodies #hiddengems #hereforagoodtimenotalongtime #coffeeroastery #peacefulmoments #peaceofmind #solitudeisbliss #infjlife #infjpersonality #enneagram5",,https://www.instagram.com/p/CN8R75zs_xc/
